{
  "store_model": {
    "train_rmse": 1550.8716097730335,
    "test_rmse": 2753.436943167575,
    "test_mae": 2091.87841796875,
    "test_r2": 0.7697256207466125,
    "test_mape": 5.825978037819696
  },
  "product_model": {
    "train_rmse": 17.104696670603644,
    "test_rmse": 15.58588365435561,
    "test_mae": 11.430427551269531,
    "test_r2": 0.9627109169960022,
    "test_mape": 9.220000086327417
  }
}